{"cameraMode":{"drawMode":0,"name":"Shaded","section":"Shading Mode"},"sceneLighting":false,"audioPlay":false,"sceneViewState":{"m_AlwaysRefresh":false,"showFog":true,"showSkybox":false,"showFlares":true,"showImageEffects":true,"showParticleSystems":true,"showVisualEffectGraphs":true,"m_FxEnabled":true},"in2DMode":false,"pivot":{"x":-4.261727333068848,"y":27.584857940673829,"z":-46.11405563354492},"rotation":{"x":0.2474539875984192,"y":0.05780090391635895,"z":-0.014752915129065514,"w":0.9670872092247009},"size":3.9794514179229738,"orthographic":true}