{"cameraMode":{"drawMode":0,"name":"Shaded","section":"Shading Mode"},"sceneLighting":false,"audioPlay":false,"sceneViewState":{"m_AlwaysRefresh":false,"showFog":true,"showSkybox":false,"showFlares":true,"showImageEffects":true,"showParticleSystems":true,"showVisualEffectGraphs":true,"m_FxEnabled":true},"in2DMode":false,"pivot":{"x":1.943257212638855,"y":1.0894672870635987,"z":1.2064762115478516},"rotation":{"x":0.08477576076984406,"y":0.12045645713806153,"z":-0.010279460810124874,"w":0.9890581369400024},"size":2.108726739883423,"orthographic":true}