{"cameraMode":{"drawMode":0,"name":"Shaded","section":"Shading Mode"},"sceneLighting":false,"audioPlay":false,"sceneViewState":{"m_AlwaysRefresh":false,"showFog":true,"showSkybox":false,"showFlares":true,"showImageEffects":true,"showParticleSystems":true,"showVisualEffectGraphs":true,"m_FxEnabled":true},"in2DMode":false,"pivot":{"x":-0.09102959930896759,"y":0.8393449783325195,"z":-0.0914527177810669},"rotation":{"x":0.028268806636333467,"y":0.1267980933189392,"z":-0.0035873455926775934,"w":0.9915470480918884},"size":1.0896220207214356,"orthographic":true}