{"cameraMode":{"drawMode":0,"name":"Shaded","section":"Shading Mode"},"sceneLighting":false,"audioPlay":false,"sceneViewState":{"m_AlwaysRefresh":false,"showFog":true,"showSkybox":false,"showFlares":true,"showImageEffects":true,"showParticleSystems":true,"showVisualEffectGraphs":true,"m_FxEnabled":true},"in2DMode":false,"pivot":{"x":-14.556655883789063,"y":34.37860870361328,"z":-42.13977813720703},"rotation":{"x":0.2474539875984192,"y":0.05780090391635895,"z":-0.014752915129065514,"w":0.9670872092247009},"size":1.7243034839630128,"orthographic":true}