{"cameraMode":{"drawMode":0,"name":"Shaded","section":"Shading Mode"},"sceneLighting":false,"audioPlay":false,"sceneViewState":{"m_AlwaysRefresh":false,"showFog":true,"showSkybox":false,"showFlares":true,"showImageEffects":true,"showParticleSystems":true,"showVisualEffectGraphs":true,"m_FxEnabled":true},"in2DMode":false,"pivot":{"x":0.3260345458984375,"y":2.3823423385620119,"z":0.8005523681640625},"rotation":{"x":0.24771064519882203,"y":0.18265405297279359,"z":-0.04761301353573799,"w":0.9502667188644409},"size":3.9052460193634035,"orthographic":true}