{"cameraMode":{"drawMode":0,"name":"Shaded","section":"Shading Mode"},"sceneLighting":false,"audioPlay":false,"sceneViewState":{"m_AlwaysRefresh":false,"showFog":true,"showSkybox":false,"showFlares":true,"showImageEffects":true,"showParticleSystems":true,"showVisualEffectGraphs":true,"m_FxEnabled":true},"in2DMode":false,"pivot":{"x":1.8755241632461548,"y":0.9497513771057129,"z":-0.5888807773590088},"rotation":{"x":0.08506807684898377,"y":0.08775725960731507,"z":-0.00748439272865653,"w":0.9925002455711365},"size":1.6877468824386597,"orthographic":true}