{"cameraMode":{"drawMode":0,"name":"Shaded","section":"Shading Mode"},"sceneLighting":false,"audioPlay":false,"sceneViewState":{"m_AlwaysRefresh":false,"showFog":true,"showSkybox":false,"showFlares":true,"showImageEffects":true,"showParticleSystems":true,"showVisualEffectGraphs":true,"m_FxEnabled":true},"in2DMode":false,"pivot":{"x":4.968616008758545,"y":-2.8337862491607668,"z":18.092151641845704},"rotation":{"x":0.28404057025909426,"y":0.002584863919764757,"z":-0.0007386377546936274,"w":0.9588355422019959},"size":8.458484649658204,"orthographic":true}