{"cameraMode":{"drawMode":0,"name":"Shaded","section":"Shading Mode"},"sceneLighting":false,"audioPlay":false,"sceneViewState":{"m_AlwaysRefresh":false,"showFog":true,"showSkybox":false,"showFlares":true,"showImageEffects":true,"showParticleSystems":true,"showVisualEffectGraphs":true,"m_FxEnabled":true},"in2DMode":false,"pivot":{"x":3.945981979370117,"y":0.3918681740760803,"z":0.6003520488739014},"rotation":{"x":0.050756338983774188,"y":0.09393101930618286,"z":-0.004749630112200975,"w":0.9942922592163086},"size":1.4189714193344117,"orthographic":true}