{"cameraMode":{"drawMode":0,"name":"Shaded","section":"Shading Mode"},"sceneLighting":false,"audioPlay":false,"sceneViewState":{"m_AlwaysRefresh":false,"showFog":true,"showSkybox":false,"showFlares":true,"showImageEffects":true,"showParticleSystems":true,"showVisualEffectGraphs":true,"m_FxEnabled":true},"in2DMode":false,"pivot":{"x":10.378969192504883,"y":0.9775939583778381,"z":25.49551773071289},"rotation":{"x":0.0025940847117453815,"y":0.817111611366272,"z":-0.0036770273000001909,"w":0.5764608383178711},"size":2.1195592880249025,"orthographic":true}