{"cameraMode":{"drawMode":0,"name":"Shaded","section":"Shading Mode"},"sceneLighting":false,"audioPlay":false,"sceneViewState":{"m_AlwaysRefresh":false,"showFog":true,"showSkybox":false,"showFlares":true,"showImageEffects":true,"showParticleSystems":true,"showVisualEffectGraphs":true,"m_FxEnabled":true},"in2DMode":false,"pivot":{"x":0.006140232086181641,"y":2.865360736846924,"z":0.28968727588653567},"rotation":{"x":0.390689879655838,"y":0.008284530602395535,"z":-0.0035163064021617176,"w":0.9204784631729126},"size":2.8214573860168459,"orthographic":false}